# ejercicio,valor
10,"[0.51453784 0.66368112 0.26120936 0.91894123 0.89014066 0.26097989
 0.21718008 0.11445117 0.84498767 0.31749352]"
10,[0.51453784 0.66368112 0.91894123 0.89014066 0.84498767]
